Sport,Position,skill
Volleyball,Setter,Spiking
Volleyball,Libero,Bumbing
Volleyball,Right Hitter,Setting
Volleyball,Middle Hitter,Blocking
Volleyball,Outside Hitter,
Volleyball,Defensive Specialist,
Track & Field,1600,Hurdles
Track & Field,100M (g) /110 (b) hurdles,Sprints
Track & Field,400,Mid Distance
Track & Field,100,Distance
Track & Field,800,
Track & Field,300 hurldes,
Track & Field,200,
Track & Field,3200,
Track & Field,4x400,
Track & Field,High jump,
Track & Field,long jump,
Track & Field,triple jump,
Track & Field,shot put,
Track & Field,discus,
Track & Field,javelin,
Track & Field,pole vault,
Track & Field,heptathlon,
Track & Field,hammer throw,
Cross- Country,Runner,Form
Cross- Country,Runner,Conditioning
Cross- Country,Runner,Mental/Preperation
Field Hockey,Forward,Shooting
Field Hockey,midfielder,Defense
Field Hockey,fullback,Passing
Field Hockey,goalie,Basics
Ice Hockey,Center,Shooting
Ice Hockey,Right Wing,Defense
Ice Hockey,Left Wing,Passing
Ice Hockey,Defense,Basics
Ice Hockey,Goalie,
Squash,Squash,Serving
Squash,Squash,Hitting
Fencing,Fencer,Attack
Fencing,Fencer,Defense